Country,Cases,Deaths,Vaccinated
Japan,63812.0,,96.0
UK,8999.0,2795.0,48.0
China,23436.0,729.0,70.0
France,43963.0,415.0,68.0
Japan,3096.0,2304.0,62.0
Canada,26279.0,81.0,91.0
Brazil,,2063.0,24.0
Japan,20715.0,1239.0,
China,30309.0,1577.0,26.0
France,16078.0,3692.0,61.0
UK,57614.0,2963.0,55.0
China,6105.0,4492.0,
China,95848.0,708.0,77.0
Brazil,3839.0,836.0,65.0
Germany,69920.0,358.0,85.0
France,44619.0,3918.0,44.0
USA,43821.0,317.0,92.0
China,14493.0,,46.0
Germany,,2344.0,20.0
USA,8531.0,4871.0,93.0
France,38051.0,4830.0,61.0
India,8736.0,2819.0,71.0
Canada,8710.0,3568.0,44.0
Germany,,4488.0,73.0
Russia,14975.0,,86.0
India,63424.0,4630.0,
Canada,46603.0,2696.0,77.0
Brazil,24252.0,2995.0,89.0
Japan,81797.0,285.0,72.0
UK,2431.0,2557.0,85.0
Russia,75603.0,,77.0
Brazil,38481.0,346.0,21.0
France,93573.0,1983.0,95.0
Brazil,10557.0,2989.0,41.0
Japan,75971.0,4586.0,56.0
France,1162.0,3978.0,39.0
Russia,35742.0,920.0,43.0
Japan,20675.0,2006.0,84.0
USA,74997.0,3139.0,84.0
UK,18015.0,4214.0,20.0
Russia,51057.0,,22.0
USA,33591.0,337.0,65.0
Canada,94583.0,1809.0,74.0
Russia,10833.0,,94.0
Canada,8896.0,3555.0,83.0
France,33972.0,1144.0,64.0
USA,50733.0,2756.0,45.0
UK,42800.0,4886.0,96.0
Japan,97044.0,1530.0,84.0
China,6347.0,165.0,43.0
Brazil,60063.0,1734.0,93.0
India,96850.0,3353.0,54.0
UK,3643.0,896.0,43.0
USA,41785.0,3083.0,47.0
China,19681.0,2815.0,
UK,51026.0,731.0,35.0
USA,16892.0,922.0,78.0
Germany,48299.0,3367.0,73.0
Germany,18073.0,880.0,98.0
Canada,31682.0,4118.0,35.0
UK,98798.0,507.0,
Germany,97894.0,1766.0,
USA,15289.0,1127.0,84.0
Canada,8927.0,3419.0,98.0
USA,49330.0,2838.0,87.0
Canada,67707.0,1657.0,62.0
UK,78454.0,2993.0,88.0
China,66428.0,152.0,32.0
Japan,51601.0,2771.0,29.0
Russia,78465.0,,94.0
China,3539.0,4670.0,60.0
France,23669.0,2441.0,69.0
USA,71968.0,4522.0,90.0
France,21644.0,1858.0,78.0
China,19745.0,2706.0,58.0
Canada,29228.0,1727.0,22.0
Russia,35521.0,3082.0,95.0
Russia,98239.0,1077.0,26.0
India,27928.0,2796.0,68.0
Russia,19322.0,3801.0,45.0
Japan,58714.0,1298.0,
Russia,88896.0,3881.0,
China,63292.0,1816.0,98.0
India,30055.0,1514.0,21.0
China,43891.0,3318.0,90.0
China,82912.0,2961.0,51.0
Brazil,,81.0,23.0
India,91536.0,1700.0,39.0
China,,1354.0,55.0
Brazil,,3313.0,51.0
Brazil,30300.0,3123.0,47.0
India,25259.0,892.0,96.0
France,92006.0,4244.0,20.0
Canada,89553.0,2672.0,79.0
Japan,16352.0,1514.0,
Canada,34365.0,2473.0,54.0
Russia,20446.0,2563.0,49.0
Japan,3336.0,742.0,73.0
Russia,63032.0,1758.0,55.0
China,76415.0,3934.0,74.0
USA,98852.0,433.0,99.0
India,99876.0,3488.0,77.0
Japan,8521.0,1601.0,84.0
Japan,72707.0,4495.0,88.0
China,24481.0,4447.0,70.0
France,19474.0,4719.0,41.0
Brazil,47760.0,502.0,72.0
China,56718.0,201.0,55.0
Germany,45629.0,508.0,87.0
Brazil,46232.0,4927.0,55.0
India,87544.0,1266.0,71.0
Brazil,68169.0,1978.0,72.0
France,51669.0,4332.0,69.0
Brazil,79021.0,2196.0,99.0
India,70184.0,826.0,60.0
France,48945.0,3230.0,37.0
Canada,14140.0,1483.0,41.0
Japan,84457.0,1096.0,85.0
Japan,15357.0,4209.0,40.0
Russia,69673.0,1884.0,63.0
Canada,66633.0,880.0,66.0
Canada,77943.0,4773.0,58.0
Brazil,,2052.0,48.0
Japan,79258.0,282.0,73.0
India,13924.0,1039.0,36.0
UK,70286.0,3228.0,99.0
UK,94269.0,4079.0,
France,75071.0,1061.0,
Japan,58326.0,4043.0,92.0
Japan,91023.0,1583.0,97.0
UK,31651.0,3200.0,68.0
Japan,71202.0,4398.0,21.0
Brazil,49777.0,3807.0,
Germany,17994.0,3299.0,33.0
USA,68263.0,,78.0
Canada,60634.0,2115.0,77.0
Russia,11800.0,317.0,77.0
France,,3369.0,70.0
Germany,64878.0,3186.0,21.0
UK,19708.0,1261.0,60.0
Canada,13819.0,2757.0,35.0
Japan,75905.0,1527.0,23.0
Russia,,1388.0,31.0
Japan,10283.0,4901.0,48.0
India,31573.0,1971.0,26.0
India,79707.0,4315.0,33.0
Russia,31933.0,2873.0,31.0
Russia,6774.0,2666.0,24.0
UK,73055.0,2504.0,51.0
Russia,11983.0,4577.0,93.0
Brazil,97468.0,4015.0,62.0
Japan,97334.0,3573.0,88.0
Germany,19133.0,932.0,64.0
China,,4242.0,28.0
Russia,1781.0,,68.0
France,57700.0,2969.0,52.0
India,28624.0,193.0,37.0
Brazil,7823.0,3368.0,
Canada,19489.0,1408.0,81.0
China,40961.0,,76.0
Germany,30118.0,546.0,48.0
China,82816.0,1283.0,97.0
Russia,23263.0,,44.0
UK,14565.0,3059.0,34.0
India,21354.0,1106.0,25.0
India,43951.0,,61.0
Canada,92179.0,925.0,48.0
UK,24648.0,3091.0,98.0
Japan,51729.0,4257.0,23.0
USA,42971.0,1038.0,76.0
Brazil,19658.0,1987.0,68.0
India,22253.0,3364.0,
France,65166.0,2521.0,99.0
India,49563.0,280.0,94.0
China,27390.0,1196.0,33.0
India,89664.0,4565.0,22.0
India,52578.0,4210.0,81.0
USA,80025.0,3774.0,83.0
USA,,2408.0,64.0
Germany,7852.0,4539.0,77.0
Japan,95986.0,4245.0,39.0
France,3551.0,4192.0,77.0
India,72947.0,1721.0,76.0
India,62001.0,2240.0,96.0
Brazil,50159.0,138.0,87.0
USA,52707.0,1279.0,97.0
France,34243.0,3682.0,71.0
Canada,,1611.0,56.0
Germany,76939.0,4775.0,27.0
Japan,58828.0,3980.0,
UK,8239.0,4254.0,24.0
Japan,7710.0,4957.0,88.0
China,22384.0,637.0,50.0
India,22038.0,3807.0,64.0
Germany,41846.0,,28.0
China,88983.0,3562.0,51.0
France,68821.0,4989.0,
UK,38991.0,2351.0,86.0
USA,80057.0,3224.0,49.0
Germany,7971.0,259.0,95.0
Germany,30139.0,2935.0,48.0
India,86445.0,,22.0
Russia,78067.0,1335.0,76.0
Germany,81257.0,993.0,49.0
Brazil,85742.0,898.0,28.0
UK,38711.0,2947.0,45.0
UK,7530.0,2127.0,21.0
Brazil,12116.0,2682.0,
Canada,66794.0,4980.0,22.0
Brazil,,1336.0,65.0
Brazil,80473.0,480.0,87.0
UK,2898.0,1997.0,44.0
Japan,,100.0,70.0
UK,7629.0,539.0,32.0
Russia,86120.0,4766.0,63.0
India,90087.0,4069.0,54.0
China,66031.0,,74.0
Japan,34380.0,2783.0,28.0
USA,18071.0,4977.0,21.0
China,21074.0,1696.0,80.0
India,91724.0,201.0,60.0
Russia,68843.0,1996.0,63.0
Russia,,3633.0,83.0
USA,12205.0,2195.0,50.0
Japan,56661.0,,66.0
Canada,6906.0,1018.0,21.0
Brazil,3591.0,3793.0,96.0
Japan,,4308.0,88.0
Canada,64370.0,4678.0,
Russia,81685.0,4297.0,63.0
UK,55400.0,2062.0,93.0
India,26150.0,3318.0,75.0
USA,32852.0,,62.0
India,43870.0,,53.0
France,53756.0,,
France,57481.0,1270.0,90.0
Japan,2283.0,4975.0,89.0
Russia,34691.0,3942.0,74.0
Russia,2125.0,3278.0,86.0
Brazil,68065.0,594.0,32.0
Brazil,27170.0,2809.0,22.0
Brazil,9438.0,369.0,45.0
UK,21095.0,,76.0
China,17154.0,,43.0
Germany,9004.0,4949.0,72.0
China,10752.0,4016.0,89.0
India,56426.0,1635.0,62.0
China,27819.0,2774.0,79.0
UK,93051.0,900.0,77.0
India,25217.0,741.0,68.0
China,89708.0,3971.0,61.0
UK,33994.0,4711.0,95.0
Germany,16036.0,2514.0,85.0
China,,624.0,30.0
UK,98756.0,3816.0,
Brazil,50416.0,1729.0,71.0
Russia,10587.0,4779.0,65.0
Brazil,96665.0,1597.0,63.0
Russia,,1621.0,
USA,31930.0,,72.0
USA,82835.0,287.0,78.0
USA,31090.0,4657.0,49.0
Germany,88489.0,1646.0,27.0
Brazil,53142.0,2168.0,76.0
Russia,27475.0,2442.0,92.0
UK,,3914.0,39.0
India,44732.0,4866.0,44.0
UK,82623.0,3272.0,38.0
India,47305.0,1459.0,24.0
France,47037.0,4510.0,94.0
UK,10346.0,1242.0,98.0
China,1587.0,4127.0,91.0
China,13763.0,687.0,
Japan,60165.0,2668.0,59.0
Brazil,70615.0,2038.0,45.0
India,37116.0,3768.0,
India,86751.0,4634.0,81.0
Brazil,92353.0,2047.0,69.0
Germany,91301.0,2659.0,
Japan,96648.0,666.0,48.0
Germany,26556.0,175.0,58.0
Germany,60042.0,4954.0,79.0
Germany,19099.0,4601.0,60.0
Brazil,46096.0,599.0,52.0
Germany,72986.0,4534.0,35.0
China,14230.0,2831.0,42.0
USA,30009.0,4268.0,26.0
France,71969.0,1272.0,45.0
India,34866.0,81.0,31.0
India,85246.0,3526.0,91.0
France,77975.0,4760.0,24.0
Brazil,42855.0,3590.0,88.0
UK,82557.0,278.0,68.0
Brazil,7416.0,1786.0,45.0
India,73516.0,2472.0,24.0
India,56915.0,1278.0,41.0
France,19058.0,1025.0,
Germany,77637.0,2732.0,32.0
Brazil,41718.0,1093.0,
Russia,33602.0,4111.0,52.0
France,75658.0,416.0,42.0
China,79112.0,,37.0
India,,,49.0
France,28516.0,3613.0,45.0
Brazil,88969.0,4495.0,35.0
India,2089.0,719.0,96.0
UK,38346.0,,58.0
France,75663.0,4859.0,
Japan,11487.0,1421.0,45.0
India,1155.0,4631.0,67.0
Brazil,68494.0,1495.0,84.0
USA,77229.0,2960.0,57.0
Russia,39547.0,4661.0,21.0
Canada,29795.0,2944.0,25.0
Germany,56296.0,4124.0,65.0
Canada,22447.0,4680.0,69.0
Brazil,,,57.0
China,42814.0,2476.0,37.0
China,91751.0,2476.0,46.0
USA,76330.0,1948.0,
Germany,99745.0,1949.0,91.0
Japan,88960.0,1645.0,93.0
USA,64278.0,1708.0,36.0
Canada,56077.0,4537.0,81.0
USA,72906.0,2101.0,48.0
Canada,10528.0,1905.0,77.0
India,94812.0,4250.0,89.0
China,51100.0,3408.0,97.0
India,9179.0,1083.0,41.0
Russia,,2412.0,25.0
Germany,56267.0,4905.0,45.0
Japan,83379.0,3222.0,58.0
Canada,24952.0,,31.0
Japan,54798.0,1161.0,33.0
Canada,99696.0,2455.0,41.0
Brazil,51939.0,1966.0,70.0
USA,30516.0,4568.0,42.0
Russia,57526.0,3917.0,67.0
China,11449.0,817.0,90.0
Canada,51290.0,196.0,69.0
Japan,87661.0,4837.0,32.0
Russia,73954.0,4534.0,29.0
UK,23746.0,1317.0,74.0
UK,68990.0,2294.0,28.0
India,59810.0,4876.0,98.0
China,84297.0,767.0,71.0
Brazil,16223.0,4241.0,21.0
Japan,73237.0,4897.0,44.0
USA,3597.0,3864.0,32.0
USA,66677.0,4276.0,70.0
Japan,3659.0,2216.0,77.0
Germany,87516.0,3568.0,53.0
Brazil,75567.0,1590.0,54.0
Russia,16037.0,971.0,22.0
Canada,47738.0,3857.0,78.0
Germany,72678.0,3585.0,89.0
Canada,13109.0,885.0,67.0
Canada,23010.0,2428.0,83.0
Germany,,4208.0,38.0
India,9472.0,1011.0,86.0
UK,24383.0,3394.0,92.0
Canada,62709.0,4076.0,95.0
Germany,70785.0,2855.0,24.0
Germany,35518.0,1491.0,86.0
France,54909.0,3311.0,30.0
India,19351.0,667.0,87.0
China,70624.0,2790.0,
France,54330.0,432.0,20.0
France,16282.0,3691.0,82.0
Japan,85866.0,4276.0,48.0
UK,22778.0,2720.0,31.0
Germany,25264.0,462.0,96.0
UK,60675.0,2407.0,60.0
Brazil,6075.0,1985.0,21.0
Japan,76948.0,1667.0,56.0
China,49454.0,2551.0,64.0
UK,,3085.0,99.0
USA,73766.0,3174.0,67.0
Canada,49200.0,2976.0,43.0
Brazil,12002.0,2063.0,41.0
India,14947.0,297.0,30.0
China,80222.0,,77.0
Brazil,95840.0,3864.0,65.0
Canada,79610.0,1457.0,48.0
Japan,53142.0,617.0,54.0
Canada,57307.0,4562.0,34.0
France,5493.0,1774.0,79.0
Canada,51085.0,1235.0,61.0
France,35228.0,1245.0,62.0
Japan,80676.0,1039.0,99.0
Russia,52875.0,,93.0
France,32655.0,3972.0,68.0
India,44472.0,4552.0,83.0
Canada,50437.0,4940.0,51.0
Canada,50416.0,3187.0,83.0
India,60711.0,3732.0,21.0
USA,7816.0,4916.0,43.0
Germany,78175.0,1485.0,85.0
Russia,65307.0,2906.0,57.0
China,47733.0,818.0,50.0
France,96028.0,988.0,45.0
India,12240.0,2473.0,48.0
Japan,99234.0,735.0,86.0
France,93493.0,2511.0,97.0
Germany,99344.0,3372.0,44.0
Japan,72363.0,1226.0,67.0
Brazil,33762.0,4061.0,84.0
Canada,9259.0,2207.0,72.0
Brazil,51139.0,2816.0,86.0
France,15849.0,788.0,37.0
Germany,82768.0,982.0,28.0
Russia,90709.0,2820.0,57.0
France,55869.0,2133.0,
India,64095.0,608.0,84.0
UK,,3351.0,40.0
France,87710.0,234.0,
Canada,24567.0,850.0,89.0
Canada,36292.0,1824.0,63.0
France,75813.0,4819.0,47.0
Japan,,1116.0,64.0
UK,52631.0,134.0,36.0
India,10885.0,3256.0,59.0
France,60659.0,2941.0,22.0
Japan,55306.0,4135.0,95.0
Canada,67314.0,2981.0,95.0
Canada,66087.0,2027.0,85.0
Germany,,2425.0,65.0
France,59929.0,,49.0
UK,68028.0,3106.0,88.0
USA,96998.0,1619.0,28.0
UK,,727.0,30.0
Canada,51500.0,3571.0,88.0
Canada,80151.0,1026.0,85.0
Brazil,,3575.0,50.0
Canada,45900.0,4711.0,52.0
India,43946.0,4480.0,58.0
China,8851.0,1970.0,65.0
France,,1058.0,56.0
UK,73692.0,1367.0,
China,68580.0,3436.0,50.0
Japan,8368.0,125.0,30.0
USA,86436.0,2105.0,21.0
India,97136.0,1811.0,46.0
UK,47403.0,,21.0
China,92170.0,,
USA,10168.0,4790.0,77.0
Brazil,87497.0,2960.0,24.0
India,50879.0,3802.0,71.0
India,60871.0,2951.0,
Brazil,90388.0,4915.0,39.0
France,99646.0,987.0,80.0
Brazil,33174.0,3076.0,57.0
India,93491.0,793.0,39.0
India,7581.0,250.0,44.0
China,72853.0,1563.0,21.0
Canada,65046.0,4588.0,51.0
USA,50678.0,1022.0,45.0
Brazil,27649.0,196.0,89.0
USA,89668.0,1891.0,60.0
Brazil,83325.0,4596.0,86.0
Japan,15567.0,440.0,20.0
India,81404.0,248.0,70.0
Canada,90906.0,2355.0,24.0
China,97019.0,85.0,
Canada,62944.0,1366.0,38.0
Canada,79002.0,4932.0,31.0
Canada,29803.0,2340.0,67.0
USA,19230.0,4696.0,
Brazil,18862.0,1912.0,76.0
Russia,44355.0,4023.0,54.0
Japan,32259.0,4680.0,95.0
UK,88445.0,4997.0,24.0
Canada,31795.0,2069.0,
France,9770.0,150.0,96.0
USA,12093.0,1799.0,76.0
China,47571.0,3636.0,66.0
UK,1193.0,26.0,73.0
Russia,18569.0,4358.0,
France,12190.0,474.0,72.0
Russia,63824.0,4481.0,50.0
UK,,,88.0
Canada,33327.0,3038.0,52.0
France,43070.0,,91.0
Russia,86925.0,99.0,69.0
China,41197.0,4825.0,35.0
Brazil,,2861.0,95.0
India,94905.0,2853.0,96.0
Brazil,27512.0,4735.0,58.0
UK,,1894.0,65.0
USA,87795.0,4181.0,66.0
India,29933.0,935.0,63.0
Japan,5378.0,3744.0,
China,41583.0,979.0,69.0
Japan,86371.0,1104.0,
France,30033.0,3205.0,79.0
India,25000.0,1414.0,34.0
Japan,76868.0,3374.0,
Japan,43604.0,4300.0,82.0
Russia,69336.0,3992.0,88.0
Brazil,96074.0,4333.0,99.0
Russia,96655.0,4023.0,60.0
India,74869.0,4566.0,93.0
India,,4723.0,43.0
UK,84375.0,3102.0,68.0
Russia,57044.0,4169.0,
Germany,64315.0,2084.0,26.0
Brazil,97055.0,294.0,23.0
India,72344.0,4943.0,88.0
UK,7796.0,4936.0,79.0
Russia,87716.0,1197.0,
Brazil,55245.0,3979.0,35.0
Russia,44056.0,2975.0,48.0
Japan,18709.0,4329.0,42.0
UK,59557.0,793.0,33.0
Brazil,18543.0,959.0,98.0
Canada,38418.0,3949.0,68.0
France,,54.0,52.0
France,97038.0,1820.0,44.0
Brazil,17724.0,4576.0,40.0
Russia,4828.0,2091.0,36.0
UK,18087.0,3508.0,42.0
France,13605.0,839.0,76.0
UK,32337.0,1919.0,77.0
France,6482.0,2591.0,33.0
Japan,66333.0,701.0,39.0
Russia,93541.0,4029.0,49.0
Japan,,941.0,38.0
France,51952.0,4946.0,72.0
Canada,,3416.0,75.0
Canada,71448.0,157.0,96.0
Japan,5648.0,1042.0,42.0
Canada,34623.0,1321.0,81.0
France,60156.0,,
Brazil,36634.0,3131.0,37.0
Japan,45602.0,1883.0,92.0
USA,50334.0,3598.0,52.0
Russia,69648.0,925.0,51.0
Canada,23054.0,1888.0,
Canada,71028.0,3758.0,73.0
India,,287.0,36.0
Germany,81650.0,1987.0,38.0
Japan,,1869.0,89.0
China,22386.0,3046.0,53.0
Canada,84276.0,3381.0,44.0
Russia,60518.0,4723.0,87.0
USA,53781.0,2192.0,93.0
Canada,53780.0,,93.0
USA,62440.0,1180.0,30.0
France,45199.0,499.0,35.0
France,62035.0,2535.0,
Germany,9210.0,1192.0,99.0
Brazil,45363.0,4489.0,26.0
China,,4268.0,
India,61348.0,2498.0,35.0
Germany,56284.0,1886.0,59.0
UK,73124.0,2472.0,31.0
India,69847.0,1640.0,54.0
Japan,23432.0,297.0,40.0
Russia,65089.0,4292.0,69.0
UK,,1917.0,62.0
UK,4321.0,1171.0,
Germany,82348.0,139.0,51.0
Brazil,38383.0,2373.0,60.0
Germany,79682.0,153.0,25.0
Japan,80190.0,25.0,46.0
Canada,53893.0,,39.0
Canada,36820.0,936.0,44.0
Brazil,67262.0,3188.0,85.0
Japan,4760.0,2186.0,28.0
Brazil,23190.0,896.0,72.0
USA,68411.0,350.0,80.0
Canada,24377.0,2061.0,57.0
UK,47737.0,3408.0,22.0
China,70569.0,3960.0,89.0
Russia,39211.0,315.0,74.0
Japan,83909.0,917.0,20.0
India,4744.0,2664.0,89.0
Brazil,,3802.0,64.0
Russia,,4052.0,66.0
India,98938.0,1381.0,98.0
Russia,35542.0,330.0,45.0
China,11651.0,4664.0,33.0
India,79931.0,4069.0,73.0
Germany,96344.0,1141.0,90.0
France,17715.0,2588.0,65.0
Germany,45409.0,4052.0,50.0
Canada,25306.0,3377.0,78.0
France,20086.0,827.0,48.0
Germany,15376.0,21.0,36.0
France,62350.0,204.0,33.0
France,72425.0,2547.0,55.0
UK,,,77.0
Brazil,87120.0,2239.0,43.0
Brazil,52649.0,3019.0,82.0
UK,35610.0,4761.0,
Russia,11058.0,2087.0,78.0
USA,75637.0,3877.0,51.0
Russia,79033.0,4883.0,37.0
India,71194.0,453.0,56.0
India,77917.0,307.0,45.0
France,65200.0,4913.0,28.0
Germany,,854.0,83.0
Germany,18154.0,1025.0,91.0
Brazil,20539.0,1394.0,39.0
Japan,61058.0,1407.0,73.0
Russia,63068.0,563.0,49.0
Canada,78313.0,2360.0,
China,31373.0,4526.0,82.0
Germany,34154.0,1279.0,30.0
China,7031.0,1270.0,50.0
France,94533.0,194.0,68.0
China,72975.0,4573.0,38.0
Canada,23785.0,2420.0,31.0
UK,79928.0,4441.0,34.0
Canada,29669.0,2219.0,50.0
China,95475.0,3682.0,62.0
Canada,3282.0,4693.0,56.0
USA,35624.0,1891.0,98.0
France,49438.0,4306.0,48.0
Russia,90900.0,531.0,45.0
UK,68534.0,1897.0,21.0
Germany,,2562.0,34.0
India,39244.0,3819.0,23.0
Russia,,4893.0,69.0
India,38437.0,4165.0,57.0
France,78872.0,4683.0,42.0
UK,,4426.0,78.0
Brazil,73982.0,3489.0,94.0
Germany,51583.0,1419.0,47.0
USA,39392.0,1704.0,85.0
Brazil,8461.0,4674.0,27.0
France,11516.0,536.0,48.0
Russia,80285.0,2670.0,30.0
USA,18514.0,2182.0,37.0
Canada,37268.0,4976.0,74.0
China,91486.0,289.0,69.0
USA,37788.0,2974.0,33.0
France,76749.0,3987.0,93.0
Japan,62049.0,2679.0,28.0
China,63493.0,2903.0,30.0
India,37027.0,1761.0,82.0
Germany,94547.0,3991.0,
India,43849.0,4779.0,
USA,18858.0,2371.0,72.0
India,85162.0,4437.0,58.0
France,80003.0,4141.0,97.0
Canada,53395.0,,75.0
Russia,40758.0,2696.0,47.0
Germany,55312.0,2905.0,94.0
India,69670.0,4545.0,58.0
India,83279.0,2786.0,44.0
USA,16434.0,1129.0,40.0
Russia,65047.0,2998.0,29.0
Brazil,48775.0,4269.0,62.0
India,76769.0,4253.0,34.0
France,67677.0,204.0,67.0
Japan,84555.0,672.0,40.0
Germany,86920.0,489.0,79.0
India,46734.0,4228.0,
France,89503.0,1433.0,42.0
France,41603.0,2718.0,
Germany,77708.0,3185.0,88.0
Brazil,82926.0,3824.0,23.0
France,69803.0,2024.0,97.0
Japan,40332.0,3799.0,
France,92703.0,4815.0,
France,22312.0,2453.0,54.0
France,94376.0,921.0,40.0
Canada,85526.0,3223.0,77.0
Canada,45179.0,2374.0,
Brazil,72442.0,3639.0,91.0
India,41379.0,3482.0,62.0
France,,690.0,
Russia,3011.0,4661.0,97.0
India,45014.0,619.0,86.0
Brazil,12738.0,2166.0,31.0
UK,95333.0,3876.0,31.0
India,48498.0,381.0,85.0
India,12120.0,625.0,21.0
China,9767.0,2263.0,34.0
USA,23852.0,4952.0,42.0
China,80239.0,4148.0,48.0
Japan,1929.0,874.0,26.0
Canada,78487.0,1278.0,47.0
Canada,,794.0,33.0
USA,96040.0,4581.0,63.0
Germany,,4188.0,49.0
Germany,49515.0,2247.0,51.0
Brazil,6744.0,4064.0,89.0
USA,84820.0,4905.0,25.0
India,43417.0,945.0,46.0
Germany,8069.0,3990.0,43.0
France,43359.0,2348.0,53.0
Russia,20799.0,335.0,59.0
India,,1544.0,66.0
Japan,94762.0,3490.0,98.0
France,71188.0,3871.0,94.0
France,90859.0,1995.0,43.0
USA,8597.0,4942.0,84.0
Brazil,48093.0,4613.0,37.0
Japan,38226.0,2788.0,63.0
Germany,73127.0,1280.0,95.0
USA,92369.0,,76.0
Germany,78362.0,4713.0,47.0
USA,27417.0,4088.0,90.0
USA,19693.0,,42.0
USA,80674.0,1377.0,53.0
Brazil,54161.0,4052.0,30.0
USA,3169.0,2585.0,54.0
UK,,3613.0,61.0
Russia,23052.0,1591.0,47.0
Germany,72849.0,1996.0,97.0
India,74851.0,2250.0,
China,9036.0,3976.0,27.0
Japan,32778.0,2115.0,72.0
Canada,28734.0,138.0,
Brazil,24173.0,,23.0
India,31403.0,4006.0,24.0
France,67321.0,861.0,68.0
UK,,4113.0,49.0
Canada,7344.0,2086.0,91.0
China,,3004.0,82.0
India,26372.0,3754.0,66.0
Canada,62516.0,2766.0,45.0
India,21538.0,1654.0,76.0
UK,64918.0,4381.0,56.0
China,15973.0,3154.0,26.0
France,72155.0,,59.0
USA,60500.0,4095.0,58.0
Germany,37575.0,180.0,81.0
France,43261.0,662.0,97.0
USA,28716.0,,72.0
Brazil,4236.0,1509.0,23.0
Russia,16848.0,2109.0,
Japan,3352.0,2168.0,26.0
Japan,2932.0,1982.0,47.0
Germany,77449.0,3935.0,88.0
China,9556.0,,86.0
UK,87836.0,4049.0,39.0
China,6498.0,2045.0,30.0
UK,77118.0,3281.0,86.0
China,51098.0,867.0,26.0
Russia,65386.0,,42.0
Brazil,10569.0,1059.0,80.0
Brazil,57882.0,4000.0,90.0
USA,71393.0,,53.0
Canada,1340.0,933.0,38.0
Brazil,44949.0,4242.0,77.0
Brazil,83302.0,4316.0,28.0
France,63443.0,2809.0,67.0
France,92668.0,4885.0,60.0
USA,75027.0,4072.0,67.0
Canada,1138.0,4055.0,64.0
Germany,1358.0,1812.0,44.0
France,76250.0,2723.0,97.0
Germany,86376.0,4516.0,
India,31654.0,2863.0,
France,26879.0,2667.0,58.0
Russia,82532.0,,98.0
Canada,56778.0,3356.0,99.0
USA,38772.0,1481.0,
India,,2959.0,
Canada,65353.0,951.0,82.0
Russia,27762.0,1917.0,87.0
Canada,14283.0,4847.0,38.0
Russia,64922.0,1253.0,47.0
Russia,40420.0,4433.0,97.0
Germany,,1476.0,52.0
China,,,29.0
India,21219.0,1976.0,49.0
Canada,58169.0,385.0,41.0
UK,75965.0,272.0,
India,47840.0,4372.0,94.0
China,45695.0,3398.0,67.0
India,85754.0,3405.0,21.0
Brazil,,1954.0,95.0
UK,59342.0,1903.0,73.0
China,19951.0,3644.0,25.0
Germany,2307.0,1662.0,59.0
Canada,81388.0,4151.0,21.0
Japan,91768.0,3902.0,92.0
China,,609.0,21.0
USA,93021.0,4825.0,93.0
Canada,76774.0,1922.0,74.0
China,39975.0,1302.0,91.0
Brazil,2140.0,610.0,79.0
Japan,25842.0,390.0,25.0
Brazil,27421.0,4223.0,38.0
Japan,2708.0,3647.0,46.0
USA,4630.0,2173.0,20.0
Canada,20595.0,4365.0,52.0
Germany,77021.0,1108.0,59.0
Brazil,,375.0,51.0
Brazil,45789.0,2580.0,88.0
Russia,56690.0,3429.0,36.0
Japan,27086.0,2486.0,27.0
France,,800.0,76.0
Canada,8684.0,,61.0
Japan,92088.0,756.0,28.0
Russia,2207.0,,54.0
India,47099.0,4643.0,90.0
Japan,68496.0,930.0,98.0
Germany,67093.0,1087.0,72.0
Canada,30689.0,2839.0,73.0
Russia,49651.0,2391.0,44.0
India,14893.0,3628.0,86.0
UK,98808.0,807.0,81.0
Russia,67418.0,4453.0,74.0
UK,61011.0,282.0,65.0
Canada,,3020.0,43.0
Brazil,,4825.0,65.0
Russia,96071.0,1783.0,41.0
USA,79405.0,2557.0,30.0
UK,73702.0,3174.0,67.0
Germany,79518.0,4790.0,27.0
USA,73805.0,4727.0,
China,59954.0,956.0,54.0
China,29064.0,2675.0,68.0
India,80063.0,516.0,65.0
Brazil,3454.0,253.0,57.0
Canada,21878.0,515.0,27.0
Russia,52098.0,4527.0,73.0
France,63154.0,3168.0,56.0
Germany,13991.0,3600.0,59.0
UK,69344.0,1882.0,53.0
Canada,37593.0,3803.0,98.0
USA,37304.0,1202.0,36.0
China,,4435.0,52.0
Germany,56220.0,4755.0,66.0
France,70338.0,,71.0
Russia,95289.0,400.0,99.0
India,22083.0,4486.0,28.0
France,,3387.0,52.0
Germany,23190.0,4847.0,79.0
France,7142.0,4925.0,96.0
Germany,29398.0,,
Germany,52971.0,2570.0,77.0
Japan,42862.0,1221.0,88.0
UK,99668.0,939.0,29.0
China,54410.0,1549.0,25.0
Japan,20503.0,922.0,32.0
Russia,49456.0,653.0,84.0
Japan,83035.0,4532.0,39.0
Brazil,9016.0,511.0,76.0
Brazil,3384.0,739.0,65.0
China,63320.0,1293.0,27.0
France,16072.0,2128.0,29.0
UK,81018.0,4562.0,92.0
China,41510.0,4396.0,86.0
Germany,,3846.0,30.0
USA,22826.0,929.0,31.0
UK,69026.0,4060.0,29.0
UK,26518.0,2349.0,44.0
Germany,25045.0,765.0,68.0
Germany,51876.0,1879.0,
India,93446.0,4482.0,30.0
China,91102.0,517.0,81.0
Germany,52919.0,1446.0,55.0
Brazil,28103.0,2585.0,58.0
Russia,37188.0,3436.0,72.0
USA,6845.0,568.0,97.0
China,87698.0,3112.0,75.0
Canada,37674.0,4526.0,20.0
Brazil,20337.0,3632.0,75.0
France,23313.0,4409.0,23.0
Germany,27943.0,4067.0,49.0
Canada,78949.0,,31.0
Germany,1276.0,1311.0,54.0
UK,52151.0,2165.0,96.0
Brazil,18611.0,702.0,71.0
UK,12944.0,4360.0,50.0
India,53887.0,1488.0,87.0
UK,82442.0,266.0,71.0
India,50847.0,,99.0
India,59653.0,451.0,26.0
Canada,87072.0,1891.0,41.0
Germany,57622.0,2656.0,94.0
France,28810.0,3830.0,75.0
UK,78842.0,4687.0,
Brazil,11503.0,,83.0
India,85761.0,3745.0,31.0
Germany,37976.0,2655.0,26.0
USA,12590.0,28.0,74.0
China,,1134.0,81.0
Canada,13866.0,3995.0,92.0
France,67624.0,2664.0,96.0
Japan,69899.0,2090.0,74.0
Canada,,1557.0,55.0
USA,10764.0,871.0,43.0
China,87156.0,,63.0
USA,43727.0,3504.0,36.0
UK,79471.0,914.0,21.0
India,9068.0,1279.0,32.0
France,8295.0,414.0,50.0
Russia,42160.0,853.0,47.0
India,12390.0,1792.0,79.0
Russia,21131.0,1574.0,46.0
China,95754.0,,34.0
Germany,76969.0,756.0,98.0
Japan,,,52.0
Brazil,53327.0,3198.0,39.0
India,94718.0,280.0,
France,78064.0,4875.0,31.0
USA,22281.0,3966.0,92.0
France,55189.0,181.0,42.0
China,49511.0,283.0,91.0
Russia,9605.0,2316.0,33.0
USA,2381.0,1168.0,44.0
Brazil,67634.0,1716.0,96.0
Brazil,20810.0,1781.0,50.0
India,25322.0,431.0,73.0
China,42869.0,1219.0,24.0
Germany,33955.0,,
China,62388.0,900.0,47.0
Russia,11207.0,4827.0,62.0
France,88329.0,3277.0,
Brazil,68628.0,4986.0,90.0
France,29220.0,1483.0,57.0
France,85050.0,3253.0,86.0
France,75085.0,4488.0,81.0
Brazil,23031.0,2191.0,58.0
Canada,71721.0,1459.0,56.0
UK,81807.0,3106.0,
Russia,72312.0,3266.0,71.0
Canada,60766.0,3166.0,52.0
Russia,13449.0,1600.0,61.0
USA,90833.0,4249.0,95.0
China,57699.0,3991.0,46.0
China,82253.0,1445.0,27.0
Japan,47092.0,233.0,42.0
China,64671.0,229.0,83.0
Brazil,11350.0,4284.0,39.0
Germany,97158.0,1664.0,35.0
India,69487.0,4538.0,36.0
Japan,18622.0,274.0,99.0
India,71263.0,963.0,38.0
Russia,54117.0,4534.0,27.0
India,59394.0,3743.0,57.0
India,24782.0,2784.0,57.0
Japan,29454.0,3134.0,72.0
USA,68904.0,489.0,50.0
France,16592.0,3524.0,63.0
China,23173.0,1363.0,79.0
China,34204.0,3332.0,95.0
Brazil,36596.0,3888.0,36.0
Japan,,899.0,98.0
Brazil,62202.0,3864.0,92.0
Germany,90400.0,934.0,58.0
Germany,31750.0,2180.0,61.0
Brazil,77112.0,1912.0,67.0
Japan,17566.0,4883.0,31.0
Brazil,8190.0,2405.0,37.0
China,89607.0,38.0,98.0
Canada,39333.0,44.0,25.0
UK,81905.0,3599.0,62.0
India,90571.0,2680.0,54.0
UK,,3375.0,73.0
Japan,26235.0,598.0,81.0
UK,1159.0,3228.0,
Germany,13145.0,3148.0,35.0
Russia,,913.0,27.0
India,32921.0,4096.0,50.0
France,17237.0,2179.0,29.0
Japan,9244.0,349.0,75.0
India,15743.0,4280.0,95.0
UK,98102.0,1724.0,
Germany,47101.0,4702.0,39.0
USA,85227.0,4556.0,24.0
Canada,57378.0,566.0,42.0
France,72126.0,3097.0,
Canada,57071.0,3276.0,77.0
India,72121.0,3577.0,78.0
Germany,75763.0,2066.0,99.0
Germany,94814.0,3909.0,73.0
UK,13237.0,,65.0
China,16649.0,2072.0,41.0
UK,38713.0,848.0,83.0
China,74463.0,1647.0,27.0
China,46409.0,4331.0,39.0
France,49766.0,3506.0,70.0
UK,47154.0,1823.0,97.0
USA,8016.0,3489.0,58.0
Brazil,,1461.0,56.0
Brazil,49688.0,2323.0,69.0
UK,90678.0,1524.0,53.0
UK,,1241.0,94.0
Canada,59608.0,1655.0,52.0
France,90081.0,3009.0,50.0
UK,,3450.0,73.0
Canada,51961.0,4066.0,63.0
China,69703.0,315.0,53.0
Germany,45757.0,3546.0,90.0
Germany,27917.0,1733.0,81.0
China,23736.0,1699.0,42.0
Japan,28990.0,1527.0,
Canada,63551.0,3927.0,75.0
Canada,59161.0,429.0,26.0
China,80623.0,2946.0,80.0
USA,,3872.0,22.0
Russia,36205.0,4239.0,57.0
India,81811.0,1460.0,53.0
China,56103.0,3106.0,63.0
UK,71812.0,3271.0,49.0
UK,42627.0,1174.0,36.0
France,,1879.0,
China,72274.0,1829.0,29.0
France,33402.0,2715.0,37.0
China,54384.0,3525.0,64.0
Canada,6793.0,1352.0,78.0
India,6571.0,2236.0,81.0
Canada,97867.0,1089.0,78.0
Russia,17209.0,4216.0,68.0
Germany,91930.0,4573.0,82.0
Brazil,44148.0,2789.0,
China,92218.0,2538.0,29.0
Russia,3224.0,823.0,30.0
Germany,49695.0,2041.0,89.0
Japan,33441.0,332.0,81.0
India,40129.0,2979.0,66.0
France,63368.0,913.0,
France,93122.0,1551.0,36.0
Canada,45760.0,3513.0,73.0
UK,24478.0,2663.0,95.0
Germany,72854.0,2486.0,59.0
Japan,95230.0,3350.0,38.0
Russia,86716.0,4253.0,86.0
India,13180.0,1151.0,72.0
Germany,99538.0,859.0,83.0
Japan,16372.0,376.0,66.0
Brazil,30796.0,2907.0,25.0
China,59272.0,1099.0,35.0
France,90963.0,4051.0,91.0
Russia,99826.0,2048.0,37.0
France,94635.0,2870.0,71.0
Russia,55040.0,4280.0,67.0
Canada,76357.0,1864.0,62.0
UK,72368.0,4693.0,58.0
Russia,79356.0,504.0,68.0
France,,3192.0,31.0
Canada,6842.0,1794.0,29.0
Russia,,3520.0,90.0
Brazil,,3796.0,74.0
UK,46968.0,4140.0,20.0
Russia,18508.0,1008.0,68.0
Canada,23005.0,4479.0,55.0
Germany,,1461.0,40.0
USA,81742.0,1761.0,56.0
Japan,19971.0,2290.0,43.0
USA,26599.0,4810.0,74.0
USA,88592.0,,44.0
India,,2944.0,26.0
Brazil,68055.0,3744.0,90.0
Germany,88697.0,3356.0,90.0
China,6355.0,1883.0,43.0
Russia,55120.0,4544.0,30.0
Japan,75619.0,3813.0,92.0
UK,39342.0,1989.0,31.0
Germany,86992.0,708.0,54.0
France,79860.0,1322.0,
China,3257.0,2972.0,87.0
India,28364.0,2948.0,76.0
India,25972.0,4797.0,32.0
Germany,27654.0,2310.0,42.0
Canada,81769.0,,58.0
USA,82423.0,136.0,99.0
France,30320.0,1201.0,31.0
India,21808.0,2649.0,53.0
Japan,53389.0,4399.0,90.0
India,96690.0,3926.0,94.0
UK,35773.0,1376.0,50.0
Russia,52168.0,1029.0,81.0
India,,4089.0,32.0
UK,77396.0,4524.0,50.0
Germany,84692.0,4549.0,21.0
Germany,58505.0,694.0,34.0
China,86896.0,3639.0,76.0
India,,2897.0,94.0
Japan,91887.0,1472.0,53.0
India,97035.0,4096.0,87.0
Japan,,2271.0,94.0
Brazil,24554.0,4190.0,48.0
China,63491.0,2851.0,85.0
Brazil,,,35.0
India,59283.0,4190.0,58.0
China,86140.0,3570.0,96.0
Brazil,17923.0,2122.0,56.0
USA,48591.0,4768.0,40.0
India,63261.0,636.0,63.0
Brazil,55336.0,4169.0,38.0
USA,75083.0,3424.0,90.0
USA,61948.0,1385.0,
Germany,34002.0,1191.0,96.0
India,81098.0,500.0,85.0
USA,,3739.0,60.0
Germany,27672.0,3544.0,94.0
Brazil,,3306.0,89.0
UK,11293.0,1950.0,80.0
India,56860.0,4418.0,45.0
China,63507.0,1892.0,90.0
Japan,58134.0,4918.0,89.0
Japan,,2997.0,48.0
Brazil,62997.0,3169.0,85.0
Canada,29172.0,4785.0,38.0
Canada,21132.0,4540.0,87.0
Brazil,19199.0,691.0,77.0
USA,37609.0,1083.0,89.0
India,43965.0,2397.0,76.0
Japan,9016.0,2404.0,56.0
Japan,40779.0,2703.0,80.0
USA,32881.0,,49.0
Japan,83594.0,4754.0,90.0
China,25472.0,4350.0,92.0
India,52813.0,2166.0,44.0
Russia,37021.0,2590.0,84.0
Japan,55131.0,4401.0,25.0
Brazil,25087.0,,37.0
China,13828.0,3258.0,29.0
Japan,62610.0,3741.0,30.0
China,97664.0,3839.0,
Germany,2401.0,1637.0,
Russia,86179.0,3482.0,84.0
France,16193.0,37.0,71.0
Brazil,93389.0,1995.0,86.0
Brazil,45864.0,4163.0,97.0
India,,1531.0,50.0
China,20611.0,306.0,36.0
USA,44791.0,2191.0,74.0
Brazil,12950.0,3412.0,55.0
China,77240.0,2306.0,45.0
China,78403.0,2607.0,72.0
UK,3745.0,,36.0
UK,56243.0,1108.0,44.0
France,4866.0,1687.0,21.0
Germany,33245.0,,24.0
France,45724.0,4876.0,23.0
Japan,72354.0,1388.0,55.0
USA,52374.0,1258.0,25.0
Japan,31116.0,,40.0
Canada,82029.0,4251.0,96.0
Japan,94574.0,1274.0,45.0
India,21447.0,1917.0,74.0
Japan,31431.0,1068.0,58.0
France,18908.0,2759.0,52.0
Brazil,30336.0,2058.0,33.0
Brazil,41992.0,4258.0,75.0
UK,56350.0,2486.0,
USA,70561.0,4026.0,65.0
USA,,4613.0,35.0
India,,3207.0,35.0
France,21093.0,4596.0,48.0
UK,7155.0,3563.0,27.0
Canada,47607.0,4450.0,22.0
USA,34487.0,1771.0,38.0
Brazil,56668.0,230.0,85.0
Japan,21963.0,4828.0,98.0
Japan,51124.0,4633.0,93.0
UK,53870.0,2898.0,41.0
France,57547.0,1674.0,65.0
France,65110.0,3996.0,32.0
Germany,54554.0,4586.0,52.0
Russia,,2987.0,24.0
USA,,1881.0,96.0
France,89839.0,1472.0,46.0
Brazil,28606.0,354.0,97.0
UK,,54.0,43.0
Canada,29151.0,2078.0,
Germany,80303.0,1524.0,82.0
China,12308.0,,67.0
India,63522.0,1011.0,82.0
Canada,46671.0,1043.0,97.0
China,,2050.0,31.0
Japan,95108.0,283.0,47.0
India,3204.0,2657.0,63.0
USA,93769.0,1789.0,62.0
Brazil,88265.0,4486.0,36.0
India,32131.0,488.0,59.0
Russia,53428.0,525.0,68.0
China,34870.0,4296.0,
USA,50067.0,1201.0,83.0
Russia,59585.0,2678.0,94.0
Japan,,1421.0,76.0
Russia,25968.0,3290.0,93.0
Germany,99934.0,281.0,93.0
Germany,12908.0,152.0,89.0
UK,27423.0,3342.0,95.0
Canada,75707.0,797.0,62.0
Canada,79257.0,1691.0,42.0
USA,,632.0,46.0
Japan,56835.0,3851.0,77.0
France,50429.0,,56.0
Germany,83152.0,2582.0,25.0
USA,39458.0,3270.0,84.0
France,47169.0,4722.0,25.0
Canada,8659.0,76.0,69.0
UK,61614.0,4296.0,41.0
Russia,78240.0,4626.0,44.0
Germany,33793.0,,98.0
USA,47473.0,2324.0,91.0
India,97762.0,,70.0
France,90388.0,3590.0,67.0
Russia,98618.0,1197.0,89.0
Germany,89330.0,4481.0,84.0
Canada,56751.0,4758.0,79.0
Japan,79915.0,3349.0,65.0
France,55254.0,558.0,55.0
Canada,8006.0,4097.0,77.0
Germany,,82.0,95.0
France,66344.0,208.0,57.0
Russia,34840.0,3211.0,30.0
Germany,33430.0,1791.0,31.0
China,24091.0,581.0,61.0
USA,,800.0,58.0
Russia,,1648.0,90.0
France,76451.0,1841.0,30.0
Japan,19990.0,,55.0
Canada,91270.0,1184.0,71.0
India,81360.0,3750.0,50.0
Canada,37081.0,3287.0,52.0
France,12033.0,188.0,32.0
Canada,17241.0,2254.0,37.0
USA,6939.0,4096.0,60.0
Germany,48562.0,744.0,77.0
India,36063.0,808.0,75.0
Brazil,77721.0,797.0,
France,28045.0,2805.0,92.0
UK,45769.0,4314.0,50.0
Brazil,48118.0,4598.0,74.0
Canada,85703.0,3094.0,29.0
France,22625.0,2928.0,79.0
China,28076.0,741.0,21.0
UK,,,34.0
India,45605.0,3456.0,22.0
Japan,85565.0,1615.0,62.0
China,89509.0,3788.0,50.0
Brazil,40121.0,,89.0
Germany,66101.0,3180.0,86.0
USA,32433.0,4699.0,75.0
Japan,44309.0,2943.0,82.0
China,68468.0,1225.0,94.0
Germany,45254.0,334.0,34.0
Germany,68293.0,1860.0,29.0
France,97258.0,1500.0,57.0
China,38853.0,903.0,66.0
India,39405.0,1400.0,76.0
Canada,67652.0,3399.0,69.0
UK,44527.0,4249.0,90.0
UK,78227.0,4489.0,34.0
Brazil,1492.0,2273.0,37.0
Brazil,94418.0,3442.0,21.0
UK,9811.0,2381.0,62.0
India,94344.0,3096.0,45.0
USA,25272.0,4322.0,90.0
Russia,94935.0,1525.0,57.0
Canada,73010.0,2927.0,61.0
USA,93492.0,2362.0,24.0
France,48153.0,,30.0
Russia,55110.0,120.0,84.0
Russia,14979.0,4337.0,
China,29328.0,,20.0
India,13867.0,3803.0,
India,60234.0,1765.0,39.0
Russia,26851.0,1587.0,80.0
China,32279.0,1306.0,40.0
Canada,97063.0,3784.0,87.0
Russia,74402.0,2230.0,
Japan,16449.0,982.0,41.0
Brazil,77221.0,1040.0,39.0
Brazil,90080.0,2603.0,20.0
USA,6451.0,4002.0,49.0
France,88178.0,4623.0,43.0
Brazil,42316.0,923.0,33.0
Germany,64064.0,2191.0,55.0
USA,64761.0,3207.0,
Brazil,39870.0,,94.0
France,97566.0,2388.0,43.0
India,31873.0,3464.0,79.0
India,59627.0,3563.0,74.0
Canada,67155.0,1317.0,96.0
Russia,,1199.0,99.0
Japan,4642.0,697.0,43.0
India,,4671.0,96.0
China,35064.0,1217.0,43.0
Brazil,95826.0,1904.0,73.0
China,15122.0,4932.0,45.0
France,,1821.0,85.0
India,69431.0,3193.0,99.0
Japan,56745.0,3807.0,
France,51081.0,,
Germany,71902.0,3978.0,94.0
Germany,9711.0,2726.0,70.0
China,86132.0,200.0,54.0
Russia,19793.0,1345.0,62.0
USA,,4813.0,48.0
Russia,77253.0,3116.0,56.0
Canada,37191.0,388.0,77.0
Russia,11211.0,4492.0,73.0
Canada,64069.0,3839.0,58.0
Canada,89896.0,625.0,61.0
Japan,57746.0,2340.0,47.0
India,22542.0,1764.0,48.0
Japan,32312.0,473.0,62.0
Canada,46242.0,976.0,22.0
France,94783.0,4277.0,29.0
Germany,88893.0,3168.0,78.0
Canada,56388.0,3634.0,33.0
Japan,28691.0,4948.0,95.0
France,78960.0,699.0,66.0
Japan,85388.0,,61.0
Russia,23601.0,2222.0,51.0
Brazil,19020.0,392.0,51.0
China,9155.0,2266.0,61.0
USA,70119.0,3820.0,51.0
Japan,82051.0,3513.0,45.0
USA,37777.0,1422.0,20.0
UK,20710.0,1593.0,75.0
Japan,25532.0,381.0,21.0
Brazil,19601.0,620.0,
USA,64227.0,125.0,90.0
Canada,5967.0,456.0,71.0
Japan,85289.0,,28.0
India,21022.0,3334.0,41.0
China,44463.0,1350.0,53.0
Brazil,75671.0,4520.0,68.0
USA,6722.0,2949.0,20.0
Brazil,28413.0,3709.0,92.0
France,93772.0,1083.0,72.0
China,82050.0,4823.0,59.0
Canada,86867.0,3579.0,64.0
Japan,84596.0,3160.0,87.0
Japan,,1615.0,28.0
Japan,13297.0,4667.0,41.0
China,69323.0,,37.0
India,24816.0,3672.0,95.0
UK,41695.0,4492.0,62.0
Germany,20702.0,4807.0,
Russia,26242.0,993.0,92.0
USA,56841.0,361.0,25.0
India,68712.0,1734.0,67.0
Canada,86663.0,1961.0,26.0
USA,,1289.0,99.0
Japan,,1917.0,88.0
Brazil,86744.0,4858.0,35.0
Canada,29482.0,1034.0,20.0
USA,10171.0,555.0,56.0
Japan,99932.0,4184.0,56.0
USA,4696.0,2391.0,83.0
Brazil,21058.0,898.0,81.0
Japan,21313.0,1115.0,91.0
UK,20149.0,2559.0,80.0
India,54521.0,2000.0,52.0
France,46740.0,4008.0,85.0
Russia,5956.0,3785.0,49.0
China,76731.0,2822.0,39.0
Russia,83612.0,930.0,79.0
Canada,67641.0,4655.0,93.0
Russia,64811.0,2071.0,43.0
Japan,53160.0,4497.0,23.0
UK,52313.0,3649.0,56.0
France,64232.0,3175.0,23.0
India,16417.0,4445.0,96.0
India,25729.0,2654.0,96.0
Brazil,,4862.0,37.0
China,99134.0,,85.0
USA,30961.0,3566.0,67.0
UK,13602.0,2691.0,52.0
USA,10256.0,3209.0,77.0
France,87120.0,948.0,92.0
Russia,35681.0,4953.0,47.0
India,92328.0,451.0,54.0
France,88440.0,2560.0,29.0
Russia,65789.0,4235.0,84.0
India,44361.0,,61.0
Russia,65503.0,1515.0,28.0
China,35540.0,871.0,79.0
UK,27536.0,2650.0,
Canada,85700.0,3741.0,76.0
France,64043.0,1561.0,88.0
France,79532.0,3246.0,41.0
Germany,57575.0,1746.0,83.0
Japan,3871.0,1459.0,60.0
China,47002.0,274.0,90.0
China,50812.0,2669.0,75.0
USA,23626.0,2731.0,42.0
Russia,60979.0,1472.0,44.0
Japan,77057.0,4262.0,
UK,67668.0,1455.0,53.0
UK,81070.0,2308.0,82.0
China,90390.0,2935.0,28.0
UK,,1642.0,79.0
Germany,64814.0,2384.0,68.0
France,46607.0,522.0,70.0
Brazil,8812.0,,79.0
Canada,62844.0,3341.0,89.0
USA,71093.0,2182.0,56.0
Russia,3179.0,3163.0,50.0
Canada,44798.0,1716.0,60.0
Russia,75601.0,2116.0,81.0
India,9275.0,1577.0,77.0
Canada,51574.0,2218.0,33.0
Brazil,48857.0,2341.0,55.0
China,21700.0,2163.0,55.0
Germany,40464.0,1138.0,98.0
France,43351.0,3520.0,27.0
France,94330.0,4333.0,45.0
Germany,95319.0,,55.0
Japan,83534.0,2375.0,67.0
India,14869.0,4907.0,47.0
Russia,61315.0,2931.0,87.0
Brazil,94688.0,4577.0,81.0
UK,21954.0,1089.0,99.0
Canada,32555.0,3521.0,95.0
India,64353.0,2751.0,99.0
Canada,83190.0,3030.0,70.0
Brazil,46026.0,238.0,61.0
USA,47976.0,180.0,48.0
USA,81578.0,304.0,29.0
India,92502.0,4294.0,58.0
China,46095.0,435.0,
Brazil,15270.0,928.0,58.0
Brazil,31908.0,3263.0,40.0
Germany,16523.0,,84.0
China,63433.0,2819.0,34.0
Russia,48068.0,4971.0,23.0
Russia,20991.0,835.0,79.0
UK,11775.0,,80.0
France,78801.0,,39.0
USA,85995.0,2128.0,
Russia,62250.0,155.0,53.0
China,17673.0,4575.0,67.0
Brazil,28056.0,3587.0,52.0
Russia,7614.0,202.0,80.0
Brazil,8415.0,3898.0,29.0
Russia,89691.0,,73.0
USA,44884.0,2420.0,84.0
Canada,17964.0,1830.0,96.0
Russia,38726.0,2974.0,20.0
China,,2531.0,24.0
Russia,58149.0,1879.0,99.0
France,38544.0,2578.0,34.0
USA,50976.0,1877.0,47.0
China,,2748.0,42.0
Germany,4832.0,3279.0,36.0
China,91811.0,3209.0,32.0
France,,2589.0,33.0
Canada,35148.0,4015.0,30.0
USA,62240.0,4945.0,47.0
Germany,89454.0,250.0,
France,86076.0,3450.0,80.0
France,78116.0,4641.0,83.0
India,54459.0,1417.0,50.0
USA,39402.0,3512.0,92.0
China,58727.0,4048.0,29.0
Brazil,39578.0,92.0,27.0
Canada,91453.0,3778.0,40.0
Brazil,23318.0,960.0,96.0
China,76715.0,620.0,78.0
China,78787.0,4679.0,69.0
USA,86029.0,3615.0,88.0
China,,4564.0,
India,96742.0,,49.0
Germany,46475.0,2183.0,36.0
China,61142.0,3494.0,
Brazil,86160.0,,39.0
China,,2611.0,
India,23412.0,2667.0,92.0
Russia,94526.0,2169.0,21.0
Russia,52001.0,2459.0,56.0
France,58649.0,3840.0,20.0
Canada,61957.0,131.0,23.0
UK,36517.0,4378.0,73.0
Germany,14156.0,1327.0,44.0
Japan,24064.0,4503.0,22.0
France,,2528.0,28.0
Canada,,1240.0,95.0
Russia,66458.0,1143.0,93.0
Brazil,17589.0,1311.0,53.0
Japan,90272.0,4044.0,62.0
Canada,87511.0,,93.0
Canada,8214.0,1515.0,41.0
France,97117.0,3195.0,
Japan,86731.0,1926.0,21.0
USA,28127.0,4925.0,85.0
UK,6141.0,3558.0,51.0
USA,29884.0,2767.0,35.0
Japan,91421.0,1966.0,95.0
USA,3708.0,188.0,20.0
India,19375.0,906.0,91.0
Russia,16088.0,1561.0,67.0
India,58615.0,501.0,69.0
China,46046.0,70.0,32.0
USA,11014.0,1087.0,34.0
China,65425.0,2905.0,72.0
Brazil,4273.0,4170.0,63.0
Germany,48135.0,3693.0,27.0
Brazil,31881.0,595.0,
Japan,98022.0,3970.0,65.0
Canada,79077.0,3780.0,88.0
Russia,9712.0,,38.0
USA,75704.0,3472.0,57.0
France,53874.0,4021.0,30.0
Germany,70087.0,3408.0,62.0
UK,,2165.0,39.0
UK,28128.0,1014.0,39.0
UK,,2509.0,40.0
USA,95019.0,336.0,
UK,88599.0,4713.0,69.0
India,89499.0,2716.0,93.0
Germany,79958.0,11.0,
India,33920.0,1043.0,49.0
Canada,12156.0,2491.0,92.0
Germany,12108.0,134.0,50.0
India,,1114.0,61.0
Germany,3800.0,2709.0,87.0
Canada,43712.0,1871.0,
China,3610.0,2930.0,80.0
USA,78603.0,138.0,89.0
USA,34872.0,447.0,97.0
UK,11728.0,4856.0,87.0
Brazil,96102.0,2558.0,36.0
UK,96319.0,3139.0,38.0
Japan,21583.0,1231.0,70.0
India,86774.0,911.0,89.0
Germany,8263.0,3178.0,82.0
Brazil,68450.0,4496.0,94.0
Canada,90285.0,3928.0,99.0
Japan,20456.0,1077.0,
Canada,92118.0,36.0,44.0
USA,66942.0,557.0,94.0
USA,14689.0,2678.0,90.0
UK,33934.0,576.0,45.0
India,34276.0,713.0,75.0
Brazil,20873.0,4290.0,41.0
Russia,14050.0,3150.0,38.0
Japan,67216.0,1600.0,50.0
Japan,85444.0,4953.0,45.0
UK,85040.0,4704.0,61.0
USA,22644.0,815.0,60.0
UK,63021.0,3801.0,42.0
Germany,38125.0,,66.0
Brazil,67899.0,3235.0,32.0
India,43291.0,3628.0,85.0
China,36060.0,2136.0,85.0
France,2538.0,2470.0,35.0
France,37176.0,555.0,92.0
UK,42520.0,2738.0,47.0
Germany,26675.0,3744.0,
Brazil,19287.0,2572.0,54.0
Russia,1174.0,2089.0,60.0
France,93268.0,,96.0
Brazil,35998.0,3124.0,50.0
India,54312.0,,51.0
Canada,13112.0,626.0,73.0
Germany,76225.0,3654.0,91.0
USA,45814.0,1213.0,78.0
Brazil,86091.0,1769.0,60.0
India,51719.0,2575.0,85.0
Russia,34919.0,,73.0
China,74155.0,3091.0,59.0
USA,72569.0,2640.0,47.0
China,42328.0,3171.0,
Russia,71482.0,4331.0,84.0
India,25618.0,679.0,93.0
France,35675.0,3178.0,74.0
China,19919.0,2131.0,23.0
USA,5173.0,4088.0,29.0
UK,27400.0,4161.0,66.0
Japan,51445.0,729.0,94.0
Brazil,71305.0,2610.0,33.0
France,38564.0,3608.0,
China,46814.0,4679.0,31.0
Canada,80747.0,676.0,64.0
Brazil,89791.0,293.0,36.0
UK,28962.0,3913.0,99.0
Russia,,3575.0,54.0
Japan,86842.0,2244.0,85.0
India,71533.0,4603.0,94.0
UK,57184.0,1475.0,60.0
UK,83912.0,139.0,86.0
Russia,11578.0,,48.0
Germany,19624.0,2070.0,37.0
Russia,40194.0,3682.0,39.0
Germany,1389.0,2504.0,33.0
Germany,68391.0,1002.0,53.0
France,14794.0,2131.0,68.0
France,59002.0,2594.0,73.0
USA,,4206.0,50.0
China,53815.0,2233.0,77.0
China,5986.0,4532.0,61.0
India,33298.0,3198.0,77.0
China,,3247.0,49.0
France,57408.0,4146.0,44.0
USA,70267.0,4534.0,82.0
USA,,353.0,
Germany,28798.0,4471.0,91.0
Russia,,4714.0,27.0
India,65887.0,4833.0,22.0
Germany,20477.0,2286.0,86.0
Russia,18266.0,4930.0,36.0
China,87328.0,3211.0,33.0
Germany,86988.0,898.0,28.0
Brazil,44526.0,2053.0,81.0
China,,1351.0,40.0
Russia,25335.0,3730.0,95.0
India,12254.0,2893.0,56.0
Russia,87610.0,4222.0,30.0
Germany,12442.0,2425.0,39.0
Germany,47289.0,1127.0,54.0
UK,54747.0,4273.0,72.0
India,38327.0,3011.0,66.0
Canada,17199.0,1748.0,94.0
China,73827.0,1374.0,71.0
USA,1112.0,2718.0,27.0
India,88051.0,4800.0,23.0
USA,,934.0,46.0
India,60722.0,161.0,
India,93036.0,595.0,59.0
Russia,98562.0,922.0,66.0
India,17523.0,2331.0,63.0
UK,67960.0,505.0,67.0
Canada,20552.0,3805.0,71.0
Germany,11808.0,2158.0,87.0
Japan,73525.0,566.0,30.0
USA,24620.0,1562.0,96.0
Germany,1887.0,2130.0,92.0
Japan,32802.0,3095.0,23.0
Canada,86024.0,3514.0,95.0
Canada,96549.0,166.0,92.0
USA,82938.0,744.0,96.0
USA,87741.0,4664.0,
Canada,27049.0,3286.0,45.0
Japan,78789.0,164.0,96.0
India,85526.0,1006.0,58.0
China,8846.0,2304.0,77.0
Brazil,,4636.0,38.0
Germany,47220.0,2915.0,96.0
Russia,,4834.0,96.0
Germany,4765.0,1187.0,77.0
Russia,82486.0,163.0,47.0
Japan,46270.0,4197.0,85.0
Russia,76277.0,1726.0,29.0
USA,89278.0,3212.0,96.0
China,91239.0,2867.0,77.0
China,23931.0,796.0,92.0
USA,90116.0,4378.0,33.0
UK,56633.0,4282.0,
Japan,81702.0,3777.0,52.0
UK,52913.0,2888.0,36.0
UK,95776.0,652.0,43.0
Germany,26991.0,4672.0,49.0
Canada,55845.0,675.0,81.0
Germany,99505.0,3436.0,32.0
Canada,56312.0,3793.0,81.0
Brazil,11561.0,3711.0,66.0
Russia,17901.0,1079.0,35.0
Canada,,2359.0,85.0
USA,63875.0,4513.0,62.0
Germany,26917.0,1222.0,27.0
Japan,63120.0,1162.0,22.0
Russia,2988.0,2521.0,31.0
Brazil,15256.0,153.0,35.0
Canada,88728.0,2499.0,97.0
Brazil,29230.0,3238.0,99.0
Japan,60778.0,4592.0,78.0
UK,46833.0,4965.0,
China,23625.0,3215.0,82.0
Japan,33088.0,4253.0,81.0
France,80650.0,3152.0,
Japan,42167.0,3314.0,70.0
Brazil,72291.0,1367.0,52.0
USA,66303.0,2723.0,49.0
Germany,77361.0,4195.0,78.0
USA,,1367.0,95.0
Brazil,5117.0,4304.0,34.0
Germany,91265.0,4643.0,
France,98718.0,3202.0,
China,61710.0,310.0,64.0
Russia,95426.0,733.0,81.0
Brazil,,3020.0,98.0
Canada,68054.0,77.0,90.0
Brazil,31949.0,3846.0,34.0
Brazil,23547.0,4003.0,65.0
Germany,82882.0,2516.0,83.0
India,69136.0,1547.0,65.0
Japan,65619.0,407.0,75.0
India,62842.0,4725.0,63.0
France,95803.0,3367.0,94.0
Canada,27990.0,,48.0
China,17193.0,4835.0,81.0
UK,31109.0,565.0,71.0
France,20233.0,3671.0,
UK,82730.0,1761.0,
UK,35510.0,2951.0,85.0
China,2306.0,2667.0,
USA,4849.0,2805.0,
India,13360.0,,52.0
Brazil,95767.0,1969.0,91.0
Russia,46800.0,1611.0,44.0
UK,37963.0,2803.0,65.0
Canada,,1490.0,
France,52707.0,,76.0
USA,19689.0,3286.0,24.0
UK,30084.0,1309.0,74.0
USA,41387.0,,80.0
USA,75816.0,1545.0,27.0
UK,3642.0,87.0,35.0
Germany,43137.0,2841.0,67.0
Japan,80832.0,3420.0,80.0
Canada,56561.0,2731.0,34.0
Brazil,63260.0,3637.0,84.0
Brazil,16438.0,,41.0
Canada,49442.0,247.0,22.0
Germany,3994.0,2006.0,73.0
Brazil,2813.0,3437.0,33.0
USA,94027.0,287.0,55.0
China,85381.0,3099.0,86.0
France,56276.0,533.0,29.0
India,42243.0,4285.0,68.0
Brazil,63912.0,4228.0,84.0
Canada,61272.0,3132.0,76.0
China,43051.0,,46.0
UK,79854.0,1807.0,94.0
Japan,83736.0,2141.0,24.0
Canada,66618.0,825.0,90.0
USA,2920.0,2704.0,76.0
Japan,78219.0,452.0,34.0
France,77872.0,3150.0,95.0
France,82132.0,152.0,49.0
Germany,3093.0,4297.0,39.0
Russia,,1420.0,
Germany,25351.0,,22.0
China,31981.0,544.0,92.0
Japan,74903.0,1726.0,60.0
Russia,71821.0,3374.0,58.0
UK,83289.0,1042.0,45.0
USA,85021.0,3352.0,21.0
Japan,79513.0,1420.0,42.0
Germany,20874.0,4510.0,42.0
India,51931.0,1182.0,35.0
Russia,8674.0,898.0,28.0
Russia,51516.0,3348.0,32.0
USA,95574.0,4527.0,47.0
Brazil,,,46.0
France,95851.0,481.0,70.0
France,70212.0,2950.0,83.0
India,3426.0,556.0,71.0
China,91009.0,4736.0,57.0
China,69498.0,3607.0,84.0
UK,30943.0,2835.0,37.0
Japan,67395.0,3733.0,82.0
Canada,45816.0,373.0,70.0
Brazil,5138.0,2176.0,28.0
Germany,92176.0,3319.0,32.0
Canada,76945.0,555.0,59.0
Canada,5017.0,3250.0,74.0
Russia,11451.0,4739.0,98.0
India,,1946.0,62.0
France,94863.0,972.0,
UK,11278.0,3015.0,87.0
China,91480.0,3816.0,52.0
India,44764.0,892.0,43.0
Russia,2134.0,3850.0,55.0
Germany,63943.0,880.0,29.0
UK,96667.0,4621.0,39.0
Russia,55318.0,2995.0,94.0
France,61128.0,875.0,31.0
France,89056.0,4319.0,81.0
France,22869.0,3213.0,37.0
India,6039.0,2907.0,82.0
India,22281.0,2254.0,44.0
China,11442.0,28.0,31.0
China,74788.0,651.0,40.0
Germany,28586.0,3093.0,
UK,54053.0,339.0,30.0
USA,51489.0,875.0,83.0
USA,84104.0,783.0,92.0
Russia,87346.0,4497.0,69.0
France,68087.0,4742.0,81.0
UK,,2364.0,68.0
Canada,35397.0,3348.0,33.0
India,59671.0,3528.0,
Japan,,2952.0,44.0
Brazil,67897.0,2577.0,78.0
Germany,27149.0,1684.0,91.0
France,61030.0,2693.0,88.0
France,70906.0,3390.0,24.0
France,6283.0,749.0,38.0
India,8610.0,1555.0,42.0
India,44326.0,4574.0,28.0
Brazil,15924.0,2269.0,69.0
Canada,77162.0,1145.0,35.0
UK,1869.0,883.0,52.0
France,98088.0,4565.0,21.0
USA,2014.0,,33.0
China,11103.0,761.0,
USA,83522.0,863.0,77.0
Russia,97007.0,3742.0,35.0
USA,34458.0,2293.0,98.0
Russia,91605.0,1339.0,66.0
Japan,83409.0,487.0,63.0
China,24248.0,2736.0,99.0
USA,90160.0,3101.0,33.0
Japan,44516.0,4240.0,43.0
Germany,30061.0,4515.0,74.0
UK,25170.0,1279.0,34.0
Japan,,4191.0,91.0
UK,,2613.0,53.0
USA,86947.0,1479.0,
Canada,44803.0,387.0,46.0
Japan,20296.0,1690.0,93.0
China,92829.0,251.0,91.0
USA,93708.0,929.0,42.0
France,87664.0,79.0,87.0
India,19257.0,3934.0,33.0
Japan,13855.0,2096.0,82.0
China,86178.0,2017.0,84.0
Germany,21025.0,810.0,87.0
France,5458.0,2789.0,82.0
Germany,64610.0,4930.0,83.0
USA,71843.0,765.0,51.0
India,84961.0,2005.0,98.0
Japan,50831.0,1331.0,32.0
Japan,44427.0,2340.0,85.0
Canada,94809.0,119.0,38.0
Canada,39506.0,1026.0,43.0
USA,6668.0,3875.0,30.0
USA,92470.0,34.0,78.0
India,48195.0,,34.0
Canada,74233.0,2848.0,29.0
China,25417.0,747.0,60.0
China,82982.0,189.0,46.0
India,11751.0,241.0,79.0
China,,1927.0,92.0
Russia,8352.0,352.0,71.0
UK,80052.0,4582.0,47.0
India,89835.0,2633.0,84.0
India,,464.0,
Brazil,29927.0,4394.0,63.0
France,42094.0,4635.0,29.0
France,55122.0,2286.0,
Russia,30493.0,605.0,66.0
Canada,93247.0,3884.0,57.0
USA,74539.0,4540.0,89.0
USA,32707.0,4987.0,95.0
Germany,69814.0,4507.0,72.0
Russia,8296.0,2679.0,97.0
India,26398.0,2145.0,63.0
Russia,36842.0,3974.0,93.0
Russia,14261.0,1575.0,73.0
Russia,77709.0,,39.0
France,96985.0,352.0,98.0
Russia,57704.0,445.0,50.0
UK,68173.0,,26.0
USA,32781.0,148.0,77.0
Germany,14652.0,203.0,29.0
UK,6103.0,3267.0,29.0
Germany,26500.0,3245.0,58.0
Brazil,36529.0,952.0,47.0
Germany,19452.0,4630.0,49.0
USA,50393.0,3889.0,56.0
USA,,,86.0
Russia,65450.0,2972.0,62.0
Japan,36436.0,4846.0,98.0
Brazil,48406.0,4967.0,
India,64059.0,963.0,75.0
China,16954.0,1312.0,
Germany,83722.0,3391.0,87.0
Japan,,2890.0,28.0
Russia,99499.0,2197.0,42.0
France,,4897.0,82.0
India,78243.0,555.0,80.0
Canada,36098.0,1937.0,59.0
Japan,93471.0,4162.0,63.0
France,22225.0,14.0,43.0
Brazil,4606.0,3491.0,70.0
Russia,58620.0,3263.0,77.0
India,33828.0,1372.0,52.0
India,27489.0,1830.0,35.0
India,15387.0,2673.0,41.0
Brazil,70463.0,2948.0,
Germany,72832.0,1283.0,81.0
Canada,96980.0,3336.0,90.0
Brazil,,3669.0,91.0
China,49516.0,2955.0,89.0
Canada,92683.0,,
USA,63061.0,,42.0
Russia,67736.0,,51.0
Brazil,,2646.0,76.0
France,62753.0,3039.0,28.0
Canada,85774.0,3029.0,50.0
China,12087.0,4387.0,90.0
USA,31816.0,3169.0,28.0
Germany,24408.0,263.0,32.0
France,1136.0,,77.0
Canada,18413.0,2601.0,
Russia,60500.0,2840.0,54.0
France,85514.0,3054.0,40.0
USA,57358.0,,83.0
France,67197.0,3411.0,
UK,93789.0,2902.0,53.0
Japan,93420.0,664.0,54.0
Germany,33854.0,769.0,34.0
USA,77240.0,1808.0,25.0
France,91063.0,2981.0,51.0
Japan,17322.0,4521.0,71.0
Japan,7968.0,3436.0,47.0
France,28518.0,264.0,83.0
Russia,52925.0,3833.0,98.0
UK,60848.0,1886.0,97.0
Brazil,94422.0,2767.0,38.0
UK,2700.0,2634.0,
France,94782.0,4131.0,25.0
Germany,24199.0,3014.0,92.0
Brazil,45589.0,4526.0,
USA,33115.0,3744.0,45.0
UK,,1254.0,70.0
France,55316.0,,92.0
UK,6520.0,4324.0,72.0
Brazil,37455.0,1520.0,75.0
China,87465.0,1969.0,78.0
Canada,42605.0,2518.0,89.0
UK,15955.0,4768.0,97.0
USA,45049.0,2692.0,77.0
USA,14917.0,,32.0
India,71293.0,4294.0,62.0
UK,79581.0,264.0,95.0
Canada,65925.0,4173.0,70.0
Russia,71269.0,,38.0
Japan,31954.0,4979.0,40.0
Canada,97671.0,4462.0,43.0
Japan,73617.0,265.0,45.0
Japan,42458.0,1017.0,
China,90037.0,1765.0,47.0
India,22113.0,2581.0,48.0
Canada,91226.0,3918.0,36.0
Canada,44939.0,,87.0
China,30345.0,2813.0,63.0
UK,47313.0,,80.0
UK,93365.0,4389.0,87.0
UK,,,93.0
Germany,48861.0,108.0,44.0
Japan,98406.0,206.0,86.0
Germany,,2539.0,21.0
India,48221.0,887.0,68.0
China,45942.0,1878.0,89.0
Canada,4453.0,2675.0,45.0
Japan,55935.0,1398.0,91.0
Germany,44370.0,2425.0,46.0
Germany,9328.0,579.0,37.0
France,16534.0,2647.0,73.0
Germany,86280.0,1075.0,20.0
Russia,85925.0,431.0,80.0
Canada,37320.0,2893.0,22.0
Russia,50170.0,1214.0,87.0
Canada,81201.0,554.0,60.0
China,9640.0,4176.0,56.0
Canada,92057.0,3649.0,70.0
Russia,31049.0,1233.0,34.0
Canada,6618.0,3182.0,27.0
China,57053.0,777.0,57.0
China,2920.0,3667.0,75.0
India,,664.0,66.0
Canada,70724.0,2456.0,29.0
France,13207.0,230.0,97.0
UK,66774.0,3676.0,68.0
USA,33972.0,4287.0,60.0
China,11799.0,4412.0,49.0
Brazil,72088.0,2579.0,24.0
UK,29916.0,1023.0,90.0
Japan,71463.0,2061.0,50.0
Canada,94500.0,3995.0,71.0
Russia,77700.0,4953.0,42.0
USA,,4909.0,67.0
Brazil,85607.0,4320.0,59.0
UK,72696.0,3029.0,25.0
Canada,62510.0,3691.0,57.0
India,59692.0,1453.0,60.0
Japan,62744.0,4206.0,46.0
USA,16810.0,3020.0,94.0
France,6126.0,582.0,88.0
India,31009.0,1342.0,76.0
Brazil,91932.0,4763.0,36.0
USA,1192.0,4012.0,90.0
India,37413.0,3144.0,66.0
Japan,13816.0,4096.0,98.0
France,40082.0,235.0,32.0
India,,4210.0,30.0
Germany,51940.0,2007.0,43.0
France,33130.0,781.0,92.0
Brazil,41142.0,4534.0,23.0
Japan,37468.0,443.0,65.0
Canada,31698.0,3109.0,37.0
Russia,11655.0,2739.0,62.0
Russia,48897.0,3417.0,99.0
Russia,31075.0,3150.0,52.0
USA,10359.0,875.0,29.0
Brazil,43056.0,,92.0
Japan,,2921.0,78.0
France,60191.0,2425.0,50.0
USA,34272.0,260.0,47.0
Brazil,15671.0,4961.0,79.0
Canada,28048.0,3767.0,22.0
Germany,77274.0,4666.0,74.0
Japan,26963.0,928.0,33.0
Russia,44954.0,1183.0,77.0
India,73309.0,3213.0,34.0
Japan,96430.0,442.0,21.0
China,1717.0,845.0,43.0
Brazil,12676.0,2256.0,97.0
UK,5434.0,2272.0,83.0
Canada,50810.0,907.0,90.0
Germany,95636.0,3642.0,43.0
Canada,5994.0,4577.0,46.0
Japan,5234.0,3825.0,56.0
UK,70300.0,256.0,58.0
China,44949.0,2439.0,82.0
France,38405.0,,98.0
India,,3320.0,45.0
UK,43215.0,936.0,84.0
Brazil,24185.0,,23.0
Russia,44442.0,2617.0,48.0
China,52759.0,1084.0,20.0
India,42153.0,4032.0,69.0
Germany,78535.0,3809.0,30.0
Russia,3581.0,4794.0,93.0
Japan,52717.0,,78.0
UK,3763.0,3448.0,81.0
India,93910.0,4583.0,55.0
USA,56480.0,3501.0,75.0
France,39759.0,716.0,40.0
France,77067.0,3074.0,32.0
China,26307.0,763.0,28.0
Germany,97371.0,597.0,30.0
China,12064.0,1344.0,94.0
USA,77848.0,1857.0,89.0
Brazil,38548.0,3944.0,20.0
Germany,,3936.0,89.0
Canada,48937.0,3327.0,96.0
Brazil,7476.0,4030.0,75.0
Germany,52756.0,3165.0,50.0
Germany,91101.0,4312.0,56.0
USA,3382.0,,66.0
Japan,50683.0,174.0,97.0
USA,88999.0,2008.0,66.0
Germany,46276.0,3067.0,88.0
India,34402.0,2094.0,77.0
Brazil,92881.0,4438.0,55.0
USA,27946.0,412.0,51.0
Japan,80698.0,423.0,83.0
UK,74933.0,,90.0
China,23335.0,4167.0,61.0
Germany,46095.0,2477.0,67.0
Canada,80930.0,877.0,93.0
UK,28197.0,28.0,49.0
France,23010.0,374.0,40.0
Russia,25123.0,3842.0,79.0
Japan,88923.0,589.0,32.0
Canada,3890.0,555.0,20.0
Russia,94305.0,4160.0,84.0
Japan,9026.0,4883.0,52.0
India,65925.0,3049.0,57.0
China,69842.0,4147.0,44.0
UK,34665.0,4054.0,45.0
Brazil,10277.0,4336.0,96.0
Japan,43239.0,462.0,78.0
Brazil,48664.0,3971.0,52.0
China,49008.0,1391.0,60.0
Germany,15683.0,1477.0,49.0
France,1670.0,2748.0,76.0
UK,90211.0,1226.0,68.0
China,18889.0,890.0,67.0
China,56612.0,3824.0,91.0
India,45535.0,,68.0
Russia,79542.0,94.0,66.0
France,55319.0,4154.0,75.0
UK,93067.0,1178.0,84.0
Germany,22639.0,4174.0,31.0
Germany,65712.0,3139.0,
USA,17633.0,3655.0,25.0
China,35660.0,2536.0,84.0
Japan,69975.0,2877.0,44.0
India,33172.0,3526.0,20.0
France,60197.0,3377.0,51.0
Germany,59847.0,2204.0,22.0
UK,12577.0,3565.0,
USA,78299.0,455.0,38.0
UK,21176.0,3636.0,79.0
India,,4026.0,48.0
Japan,64972.0,3885.0,69.0
USA,,3347.0,21.0
USA,42003.0,271.0,92.0
Russia,20996.0,1858.0,75.0
France,87598.0,4035.0,36.0
USA,36931.0,2276.0,79.0
Russia,36710.0,101.0,55.0
Russia,,4232.0,80.0
India,36740.0,4185.0,36.0
Brazil,78241.0,3319.0,68.0
UK,94583.0,992.0,95.0
Japan,77502.0,3453.0,79.0
Canada,18374.0,2543.0,39.0
UK,77674.0,703.0,69.0
USA,82471.0,4130.0,22.0
Japan,46913.0,,62.0
Germany,67025.0,3598.0,76.0
Brazil,45516.0,1822.0,69.0
Germany,88796.0,4124.0,87.0
Germany,27069.0,1417.0,69.0
France,57233.0,1226.0,56.0
UK,85811.0,1420.0,
Canada,60049.0,3507.0,61.0
India,40178.0,4382.0,34.0
Canada,33821.0,,52.0
Germany,52727.0,561.0,99.0
USA,61935.0,3404.0,30.0
Brazil,,1186.0,39.0
China,63522.0,4744.0,43.0
Canada,,4342.0,83.0
Germany,65551.0,1007.0,99.0
Brazil,41172.0,4086.0,84.0
Japan,34722.0,2741.0,92.0
UK,11625.0,3947.0,95.0
Russia,68165.0,4062.0,36.0
France,77509.0,382.0,80.0
Brazil,7859.0,,34.0
USA,42609.0,858.0,70.0
USA,44307.0,2566.0,46.0
Brazil,22839.0,2332.0,93.0
USA,28216.0,513.0,80.0
UK,53953.0,3199.0,77.0
USA,85481.0,712.0,50.0
Canada,61593.0,3635.0,31.0
Russia,,324.0,65.0
USA,50522.0,2386.0,50.0
Russia,5886.0,1050.0,51.0
Germany,8485.0,4388.0,51.0
India,32455.0,3000.0,72.0
UK,17767.0,267.0,80.0
India,29453.0,584.0,65.0
Germany,77280.0,4679.0,
UK,54442.0,1562.0,99.0
Brazil,52877.0,4528.0,26.0
Brazil,13226.0,767.0,23.0
Russia,,2820.0,71.0
Germany,23588.0,1114.0,50.0
Russia,79976.0,4534.0,94.0
France,32709.0,3469.0,55.0
USA,48788.0,4002.0,73.0
China,89031.0,213.0,73.0
France,38019.0,,36.0
USA,45948.0,2342.0,94.0
UK,66133.0,2002.0,49.0
Russia,,2253.0,41.0
UK,28526.0,316.0,62.0
UK,74493.0,1697.0,46.0
USA,,4119.0,56.0
Germany,44395.0,1870.0,65.0
USA,25031.0,1971.0,54.0
Japan,76542.0,732.0,23.0
Brazil,38701.0,789.0,99.0
Brazil,26939.0,538.0,99.0
France,50145.0,4903.0,45.0
Brazil,21324.0,353.0,38.0
USA,23867.0,3796.0,64.0
Canada,1203.0,3692.0,45.0
Russia,17544.0,218.0,41.0
USA,16899.0,4746.0,77.0
USA,30063.0,3416.0,82.0
China,91880.0,1321.0,47.0
Russia,4748.0,2309.0,84.0
Japan,67629.0,3346.0,63.0
Brazil,81764.0,1957.0,62.0
Russia,21884.0,929.0,56.0
Brazil,26183.0,2054.0,
France,82570.0,428.0,36.0
Russia,72246.0,,
Brazil,20259.0,2852.0,57.0
Japan,36959.0,1109.0,80.0
India,34457.0,3402.0,28.0
UK,86679.0,2782.0,96.0
UK,3103.0,2490.0,94.0
Japan,66901.0,1555.0,80.0
China,45535.0,1080.0,99.0
India,17103.0,1860.0,35.0
France,99046.0,4208.0,21.0
Japan,91012.0,2949.0,91.0
UK,79278.0,1913.0,62.0
UK,13391.0,,61.0
UK,29901.0,998.0,96.0
Germany,98537.0,2485.0,76.0
Japan,82159.0,1617.0,86.0
USA,68914.0,2879.0,49.0
France,51357.0,1512.0,32.0
UK,87908.0,1799.0,38.0
Brazil,39437.0,,26.0
Japan,36503.0,2450.0,28.0
Germany,97282.0,2052.0,
Japan,94459.0,1288.0,80.0
France,76403.0,2604.0,21.0
Germany,42258.0,4699.0,
France,34724.0,2446.0,94.0
Japan,65286.0,3813.0,50.0
USA,75842.0,2215.0,52.0
France,15908.0,1037.0,97.0
Germany,93617.0,3549.0,99.0
Germany,51626.0,3493.0,30.0
France,38228.0,2251.0,52.0
Canada,24386.0,2775.0,26.0
Japan,47754.0,1183.0,50.0
Canada,29302.0,3240.0,67.0
China,61815.0,3360.0,
Japan,,4921.0,97.0
France,64344.0,413.0,72.0
India,,4998.0,99.0
France,77234.0,2735.0,38.0
Canada,62114.0,3392.0,25.0
USA,71130.0,4173.0,68.0
France,26525.0,97.0,92.0
France,,1168.0,69.0
USA,15334.0,4283.0,31.0
France,95715.0,2867.0,42.0
UK,63767.0,1391.0,73.0
India,,4691.0,88.0
Brazil,33933.0,2074.0,78.0
India,44469.0,2384.0,55.0
France,34687.0,327.0,22.0
UK,53656.0,1512.0,77.0
Japan,18375.0,2052.0,74.0
France,66206.0,4608.0,76.0
Canada,97462.0,2032.0,36.0
UK,37607.0,128.0,58.0
USA,84178.0,719.0,87.0
UK,24993.0,3567.0,74.0
USA,45386.0,4150.0,64.0
China,47287.0,4419.0,95.0
Brazil,87724.0,3260.0,20.0
Russia,99132.0,427.0,40.0
UK,94308.0,2613.0,40.0
Germany,97393.0,3864.0,71.0
Canada,77312.0,1111.0,62.0
France,99371.0,4431.0,71.0
Canada,76324.0,3438.0,86.0
India,72196.0,2271.0,
Russia,,4179.0,51.0
India,9210.0,3644.0,29.0
China,11922.0,518.0,83.0
Russia,37289.0,2389.0,98.0
Russia,34340.0,3174.0,88.0
India,40850.0,697.0,87.0
USA,57984.0,4762.0,47.0
India,85178.0,1302.0,72.0
Canada,12094.0,3915.0,70.0
USA,88959.0,3085.0,72.0
Canada,34418.0,3219.0,
China,6741.0,334.0,98.0
France,73374.0,2003.0,36.0
Japan,69798.0,3986.0,86.0
USA,71532.0,4822.0,93.0
China,23164.0,2780.0,66.0
Germany,36595.0,4382.0,75.0
China,31257.0,2593.0,
India,15211.0,3567.0,37.0
India,96989.0,3597.0,20.0
Japan,6232.0,161.0,54.0
China,68753.0,964.0,83.0
Brazil,53691.0,4364.0,77.0
France,90765.0,2381.0,78.0
India,80768.0,4974.0,20.0
Japan,26613.0,1201.0,22.0
France,15026.0,697.0,
China,54535.0,319.0,56.0
China,95090.0,1512.0,48.0
Russia,31908.0,3137.0,52.0
Japan,53113.0,4578.0,80.0
India,,3377.0,23.0
Brazil,47646.0,3405.0,33.0
China,64185.0,823.0,52.0
Brazil,73567.0,855.0,41.0
China,48574.0,1174.0,67.0
India,92051.0,4772.0,22.0
France,37182.0,1777.0,42.0
UK,1570.0,364.0,87.0
France,98790.0,1882.0,40.0
China,20288.0,2034.0,62.0
Canada,79824.0,2827.0,45.0
UK,,3842.0,60.0
UK,85425.0,4285.0,57.0
Brazil,1917.0,75.0,30.0
Japan,76602.0,4925.0,
Brazil,96040.0,4276.0,79.0
Brazil,65575.0,4100.0,86.0
Canada,73518.0,2531.0,
France,40104.0,2591.0,80.0
France,19062.0,1400.0,38.0
Germany,17999.0,1140.0,65.0
China,62845.0,2496.0,68.0
Canada,10941.0,844.0,41.0
Germany,62169.0,236.0,97.0
India,24470.0,3525.0,76.0
China,60821.0,4547.0,33.0
China,87669.0,2453.0,63.0
Russia,45435.0,737.0,35.0
Russia,5529.0,3696.0,96.0
USA,84055.0,3632.0,31.0
USA,13192.0,1046.0,74.0
Brazil,75102.0,1842.0,70.0
India,,2750.0,58.0
UK,87795.0,502.0,52.0
UK,,1558.0,52.0
Russia,67677.0,1153.0,48.0
Russia,5627.0,3967.0,88.0
Russia,57541.0,3417.0,89.0
Canada,69226.0,649.0,50.0
Japan,4255.0,182.0,99.0
USA,58433.0,4364.0,
Canada,6213.0,,65.0
France,20404.0,526.0,96.0
UK,26380.0,532.0,
China,92056.0,1927.0,29.0
USA,20173.0,,93.0
Germany,54027.0,2174.0,60.0
France,24989.0,1939.0,96.0
USA,25519.0,3955.0,22.0
Canada,23439.0,2219.0,78.0
India,77949.0,3793.0,71.0
China,15995.0,2600.0,53.0
USA,24559.0,4944.0,68.0
Japan,90049.0,4086.0,47.0
Russia,6021.0,1103.0,32.0
Russia,,3890.0,88.0
China,22119.0,2504.0,86.0
Canada,52539.0,2589.0,80.0
Russia,95835.0,2498.0,79.0
USA,40350.0,2795.0,90.0
Germany,47223.0,2768.0,43.0
UK,26517.0,1584.0,82.0
UK,,2383.0,80.0
France,23250.0,4000.0,42.0
Brazil,85486.0,4855.0,49.0
India,83895.0,1103.0,79.0
China,,1199.0,37.0
France,,2699.0,75.0
Brazil,67798.0,4105.0,72.0
Canada,55199.0,1885.0,26.0
Japan,60546.0,3416.0,88.0
Japan,89151.0,1797.0,91.0
India,4327.0,,98.0
Russia,30768.0,1617.0,71.0
USA,65418.0,3758.0,23.0
France,95386.0,58.0,53.0
France,43788.0,3871.0,88.0
China,83384.0,2190.0,52.0
China,47830.0,3056.0,88.0
Japan,53446.0,2843.0,57.0
Japan,16160.0,1407.0,45.0
Germany,57583.0,,20.0
Germany,34998.0,4584.0,23.0
Russia,28230.0,841.0,58.0
Germany,10076.0,2707.0,73.0
USA,70341.0,4787.0,52.0
USA,32085.0,2745.0,52.0
France,56571.0,91.0,91.0
UK,15715.0,96.0,39.0
USA,6750.0,2073.0,35.0
Brazil,79768.0,831.0,40.0
Japan,36903.0,172.0,64.0
China,73489.0,3749.0,81.0
Germany,33093.0,2407.0,50.0
France,92036.0,,61.0
India,88954.0,2738.0,31.0
China,35314.0,3545.0,84.0
Brazil,49225.0,3456.0,92.0
Germany,88985.0,2800.0,22.0
Brazil,84014.0,,28.0
Japan,36179.0,3943.0,70.0
Japan,26338.0,3395.0,35.0
Russia,93435.0,932.0,97.0
France,70681.0,2185.0,22.0
China,33101.0,1592.0,43.0
Canada,3775.0,574.0,92.0
Canada,98183.0,3268.0,32.0
China,,2607.0,21.0
India,46838.0,2510.0,90.0
France,20539.0,4576.0,40.0
Brazil,,997.0,38.0
India,66149.0,3646.0,66.0
UK,27616.0,233.0,41.0
China,,360.0,94.0
Brazil,91695.0,1938.0,52.0
Canada,55567.0,358.0,51.0
USA,,4287.0,83.0
Russia,76831.0,4742.0,58.0
Canada,62799.0,1027.0,91.0
France,,2236.0,61.0
Japan,26479.0,4877.0,28.0
USA,47172.0,4134.0,44.0
Russia,56863.0,2429.0,21.0
Russia,43043.0,1903.0,
UK,83569.0,3050.0,39.0
UK,16408.0,2078.0,89.0
Germany,58980.0,1135.0,36.0
Canada,83956.0,3127.0,87.0
Canada,17351.0,4171.0,22.0
Canada,5131.0,4052.0,70.0
Germany,45825.0,4443.0,
India,12349.0,2180.0,75.0
Russia,61931.0,456.0,83.0
USA,45254.0,2668.0,27.0
France,39225.0,3372.0,56.0
Russia,13453.0,2728.0,46.0
UK,19814.0,3493.0,
Brazil,19263.0,2954.0,23.0
Japan,78694.0,,56.0
Germany,16735.0,605.0,90.0
China,16830.0,1996.0,52.0
Brazil,48893.0,2760.0,50.0
France,45673.0,,74.0
Canada,90462.0,3979.0,31.0
UK,46066.0,4315.0,30.0
UK,4373.0,4231.0,91.0
UK,11335.0,4597.0,51.0
Canada,24741.0,3590.0,76.0
China,11692.0,3017.0,57.0
Germany,48295.0,979.0,79.0
Brazil,46541.0,590.0,38.0
Canada,35057.0,2834.0,75.0
France,67983.0,4011.0,33.0
Germany,20583.0,1221.0,52.0
France,23765.0,239.0,29.0
Germany,60287.0,,99.0
China,24906.0,3195.0,83.0
Japan,86103.0,511.0,83.0
France,80675.0,2142.0,81.0
Canada,47525.0,58.0,87.0
Germany,39230.0,3576.0,62.0
UK,20520.0,3065.0,99.0
Russia,86238.0,698.0,78.0
UK,52934.0,396.0,71.0
India,26566.0,979.0,38.0
Japan,74193.0,3470.0,40.0
Japan,31134.0,1015.0,41.0
UK,,3062.0,28.0
Brazil,42185.0,3427.0,28.0
China,93949.0,2312.0,92.0
France,71744.0,2293.0,
Canada,34455.0,1617.0,36.0
Japan,29018.0,4376.0,63.0
UK,55219.0,132.0,64.0
UK,46991.0,,27.0
China,74616.0,3737.0,99.0
China,88438.0,268.0,37.0
USA,,957.0,52.0
USA,39862.0,4968.0,20.0
Brazil,59870.0,534.0,95.0
Brazil,87694.0,897.0,25.0
India,44856.0,217.0,60.0
Brazil,87055.0,3392.0,74.0
Germany,32379.0,2804.0,24.0
China,65729.0,158.0,
Canada,29378.0,447.0,
Germany,55353.0,2212.0,37.0
France,50996.0,3759.0,68.0
UK,15031.0,3171.0,84.0
Brazil,81072.0,3911.0,73.0
UK,66982.0,4463.0,80.0
Japan,37683.0,3255.0,27.0
India,18618.0,4561.0,22.0
Japan,7587.0,2833.0,44.0
India,63790.0,4734.0,88.0
USA,32480.0,3280.0,74.0
UK,99530.0,495.0,59.0
India,21527.0,209.0,69.0
Russia,24569.0,4476.0,52.0
Germany,12151.0,1992.0,37.0
India,72094.0,1481.0,76.0
India,60174.0,4353.0,35.0
Germany,45739.0,4893.0,99.0
UK,33954.0,2321.0,
UK,36303.0,3383.0,60.0
Germany,35700.0,2088.0,26.0
Japan,94036.0,1531.0,97.0
Russia,68568.0,614.0,72.0
Canada,,3858.0,82.0
France,72045.0,3352.0,51.0
Russia,38842.0,1427.0,57.0
UK,14900.0,4607.0,41.0
Canada,81059.0,3885.0,35.0
USA,2881.0,2943.0,71.0
Brazil,34037.0,558.0,48.0
India,2630.0,848.0,35.0
Germany,21789.0,3825.0,95.0
Germany,89059.0,857.0,36.0
India,84494.0,4719.0,83.0
Brazil,,4517.0,32.0
France,49920.0,4783.0,91.0
Brazil,68231.0,4264.0,75.0
Canada,81357.0,4478.0,24.0
Brazil,4262.0,2282.0,31.0
Canada,,3330.0,
Brazil,82972.0,2568.0,22.0
France,76485.0,4708.0,52.0
